,Season,AQI,City
0,201402,106.14636473429951,天津
1,201403,92.20039878101367,天津
2,201404,138.5211206140552,天津
3,201501,124.9873060060297,天津
4,201502,88.59381749032963,天津
5,201503,74.42815964993152,天津
6,201504,122.50185909156305,天津
7,201601,102.40129629711048,天津
8,201602,86.42108360372345,天津
9,201603,71.25565731473867,天津
10,201604,133.49898887563242,天津
11,201701,118.60240105004624,天津
12,201702,94.8728730788503,天津
13,201703,74.69762000332359,天津
14,201704,88.04358474884422,天津
15,201801,95.0099561563756,天津
16,201802,86.94946600052343,天津
17,201803,60.87015600018017,天津
18,201804,93.0857055386338,天津
19,201901,101.07286822087838,天津
20,201902,80.54955275618742,天津
21,201903,64.45481148221681,天津
22,201904,84.81812137978079,天津
23,202001,94.84066100859613,天津
24,202002,69.76700366214743,天津
25,202003,58.3152456536776,天津
26,202004,69.69946100792876,天津
27,202101,98.57792996692291,天津
28,202102,64.6711703288141,天津
0,201402,129.44603940544158,石家庄
1,201403,112.0170797019882,石家庄
2,201404,175.1745806492089,石家庄
3,201501,160.37525362571822,石家庄
4,201502,96.44254005664033,石家庄
5,201503,87.24656942785137,石家庄
6,201504,145.79762271492305,石家庄
7,201601,132.43383550160402,石家庄
8,201602,88.23170041342631,石家庄
9,201603,89.37514895109565,石家庄
10,201604,222.53249946352958,石家庄
11,201701,179.47312280870617,石家庄
12,201702,105.13982717663832,石家庄
13,201703,93.47474865251282,石家庄
14,201704,118.4620262769281,石家庄
15,201801,144.4842005642837,石家庄
16,201802,99.59072062215034,石家庄
17,201803,66.25201115696962,石家庄
18,201804,125.59914524673971,石家庄
19,201901,149.25160895672815,石家庄
20,201902,83.42126134964253,石家庄
21,201903,65.95176739871091,石家庄
22,201904,103.4932437007915,石家庄
23,202001,127.70927985335074,石家庄
24,202002,72.42971404082905,石家庄
25,202003,60.35620904177227,石家庄
26,202004,99.38993312822788,石家庄
27,202101,126.45595173163548,石家庄
28,202102,80.37539738195419,石家庄
0,201402,118.80601781270259,唐山
1,201403,107.29816614120293,唐山
2,201404,146.686815160201,唐山
3,201501,140.82752542708192,唐山
4,201502,118.47820617862436,唐山
5,201503,81.69736664890904,唐山
6,201504,137.77742223864024,唐山
7,201601,107.70882825937962,唐山
8,201602,101.48995023797224,唐山
9,201603,76.78621178961289,唐山
10,201604,145.37362012186819,唐山
11,201701,127.5987743224181,唐山
12,201702,99.61632641220032,唐山
13,201703,78.26227426820577,唐山
14,201704,99.8014211692157,唐山
15,201801,108.08747989027306,唐山
16,201802,95.71620521456451,唐山
17,201803,65.7689834584,唐山
18,201804,100.90364524570192,唐山
19,201901,104.45910694806206,唐山
20,201902,81.43894926133743,唐山
21,201903,66.38017253504475,唐山
22,201904,90.27939400525766,唐山
23,202001,96.6196152924023,唐山
24,202002,72.95927354423145,唐山
25,202003,62.79800700715479,唐山
26,202004,72.84059903224235,唐山
27,202101,108.30324630631435,唐山
28,202102,69.96912692847125,唐山
0,201402,71.50353867348433,秦皇岛
1,201403,63.05926486086343,秦皇岛
2,201404,108.96645996963362,秦皇岛
3,201501,108.6396403695001,秦皇岛
4,201502,77.42648432051466,秦皇岛
5,201503,56.37663637588491,秦皇岛
6,201504,75.65944354708363,秦皇岛
7,201601,75.79525162882878,秦皇岛
8,201602,73.51488525558506,秦皇岛
9,201603,57.987312296814395,秦皇岛
10,201604,90.27263916589615,秦皇岛
11,201701,92.2938298155807,秦皇岛
12,201702,74.15911054832348,秦皇岛
13,201703,56.33070586820586,秦皇岛
14,201704,67.19376665034098,秦皇岛
15,201801,78.94574973514416,秦皇岛
16,201802,68.57066853249087,秦皇岛
17,201803,47.572391640175425,秦皇岛
18,201804,74.88713087657827,秦皇岛
19,201901,87.24324478505754,秦皇岛
20,201902,63.5781076787056,秦皇岛
21,201903,51.23127231417757,秦皇岛
22,201904,69.33254641581854,秦皇岛
23,202001,70.07279805774478,秦皇岛
24,202002,59.11609072255988,秦皇岛
25,202003,44.50487254250634,秦皇岛
26,202004,62.23743801974869,秦皇岛
27,202101,89.22264180056266,秦皇岛
28,202102,57.72005999688328,秦皇岛
0,201402,117.77715509128552,邯郸
1,201403,117.32978683868492,邯郸
2,201404,171.91989589590165,邯郸
3,201501,158.35937102693939,邯郸
4,201502,105.50124333204883,邯郸
5,201503,100.89181755751736,邯郸
6,201504,149.92335101471883,邯郸
7,201601,125.2959066654356,邯郸
8,201602,95.8316842465378,邯郸
9,201603,79.57787325655487,邯郸
10,201604,170.313218082768,邯郸
11,201701,154.13107993769586,邯郸
12,201702,114.53262183774723,邯郸
13,201703,95.26486943051924,邯郸
14,201704,129.63221168473623,邯郸
15,201801,144.69999021113819,邯郸
16,201802,96.2332802991189,邯郸
17,201803,68.04777425198671,邯郸
18,201804,124.09784084852915,邯郸
19,201901,148.34767771382425,邯郸
20,201902,86.84174088993717,邯郸
21,201903,69.71368460362271,邯郸
22,201904,107.25339986865602,邯郸
23,202001,119.13705434415579,邯郸
24,202002,71.6795763856423,邯郸
25,202003,61.80089995324918,邯郸
26,202004,109.24148790775135,邯郸
27,202101,111.95092444177295,邯郸
28,202102,80.70507246376809,邯郸
0,201402,127.81592153418241,保定
1,201403,122.68991914325493,保定
2,201404,214.65357581179353,保定
3,201501,205.7221010006564,保定
4,201502,102.56881562850495,保定
5,201503,94.02315736517971,保定
6,201504,169.27137619201358,保定
7,201601,139.12206836464466,保定
8,201602,100.6195554827124,保定
9,201603,84.99506047170844,保定
10,201604,181.11176593217257,保定
11,201701,174.14495514785233,保定
12,201702,102.0354570108747,保定
13,201703,85.98603354725374,保定
14,201704,109.0667678673464,保定
15,201801,125.46344510805723,保定
16,201802,87.87374427958609,保定
17,201803,63.136308807899674,保定
18,201804,123.74534779606657,保定
19,201901,137.77986297051868,保定
20,201902,74.61689090788725,保定
21,201903,62.43313622060024,保定
22,201904,89.49404112632227,保定
23,202001,112.41012233846381,保定
24,202002,63.855876967430255,保定
25,202003,50.668447613111,保定
26,202004,85.84540147855365,保定
27,202101,110.78674809100825,保定
28,202102,72.91496545633994,保定
0,201402,50.166312111801254,张家口
1,201403,43.290589358672364,张家口
2,201404,53.41236203768591,张家口
3,201501,71.89313546960284,张家口
4,201502,71.30395308966479,张家口
5,201503,57.99718313614243,张家口
6,201504,70.8276240160628,张家口
7,201601,70.07476894495078,张家口
8,201602,71.70144666489995,张家口
9,201603,59.77695323740204,张家口
10,201604,75.96607963890203,张家口
11,201701,66.19690189330821,张家口
12,201702,74.25892486848677,张家口
13,201703,58.94035257290283,张家口
14,201704,56.80367838034388,张家口
15,201801,73.84906295383979,张家口
16,201802,82.75987532382068,张家口
17,201803,49.186421391467505,张家口
18,201804,61.4323724854645,张家口
19,201901,53.907403654861575,张家口
20,201902,62.03463372454257,张家口
21,201903,43.781521812761106,张家口
22,201904,59.652012952572115,张家口
23,202001,52.23065424297312,张家口
24,202002,59.209722222222226,张家口
25,202003,38.82398187107164,张家口
26,202004,49.91084618980833,张家口
27,202101,81.84343609432652,张家口
28,202102,54.97256830813984,张家口
0,201402,70.64322814061946,承德
1,201403,73.15441435002349,承德
2,201404,91.8369465695704,承德
3,201501,89.84774269695555,承德
4,201502,73.97559703585199,承德
5,201503,57.3656329012909,承德
6,201504,78.2674417900339,承德
7,201601,69.88456456033957,承德
8,201602,68.87397772118217,承德
9,201603,56.30629720456157,承德
10,201604,80.09518260019321,承德
11,201701,74.7038542165716,承德
12,201702,74.34741767603948,承德
13,201703,57.32735831623746,承德
14,201704,66.53786213332147,承德
15,201801,77.44022459381131,承德
16,201802,75.72683938489392,承德
17,201803,48.34340296275457,承德
18,201804,68.43240724069967,承德
19,201901,63.16663365269606,承德
20,201902,58.35192060807807,承德
21,201903,42.96911933745495,承德
22,201904,62.23781884256803,承德
23,202001,60.36596769955472,承德
24,202002,55.00193756168511,承德
25,202003,40.031557061970794,承德
26,202004,49.938704128711144,承德
27,202101,76.2841645517487,承德
28,202102,53.72031517843228,承德
0,201402,109.12509290628857,廊坊
1,201403,104.33063230757513,廊坊
2,201404,156.35752923864175,廊坊
3,201501,140.22288432478123,廊坊
4,201502,97.21365758294388,廊坊
5,201503,83.06309588098974,廊坊
6,201504,159.04475014839412,廊坊
7,201601,101.4536432297048,廊坊
8,201602,79.51274229502162,廊坊
9,201603,74.6871960353552,廊坊
10,201604,130.73482542745356,廊坊
11,201701,122.67819368594117,廊坊
12,201702,90.32259825856478,廊坊
13,201703,71.80368466831767,廊坊
14,201704,80.6432910720779,廊坊
15,201801,93.76261318576051,廊坊
16,201802,85.26119461729782,廊坊
17,201803,58.813578019656184,廊坊
18,201804,95.6309173551372,廊坊
19,201901,100.56406297750091,廊坊
20,201902,71.64473126632367,廊坊
21,201903,58.18053616938454,廊坊
22,201904,76.35646490015537,廊坊
23,202001,86.22623063231045,廊坊
24,202002,64.95351994701575,廊坊
25,202003,55.998588863463,廊坊
26,202004,66.70983315703394,廊坊
27,202101,95.97984636234109,廊坊
28,202102,63.974564308347595,廊坊
0,201402,112.89583586904236,沧州
1,201403,96.07461886783415,沧州
2,201404,140.5668714557785,沧州
3,201501,120.07120923976288,沧州
4,201502,92.48638434626172,沧州
5,201503,69.36982471911304,沧州
6,201504,126.14807210378592,沧州
7,201601,99.18927608531999,沧州
8,201602,82.91213000216364,沧州
9,201603,71.71387982310144,沧州
10,201604,140.80748661566489,沧州
11,201701,124.06002270934948,沧州
12,201702,92.64318498341578,沧州
13,201703,70.03668264492245,沧州
14,201704,99.62967294834408,沧州
15,201801,113.01838028445259,沧州
16,201802,83.74010555040081,沧州
17,201803,59.84899690645521,沧州
18,201804,104.47007137290272,沧州
19,201901,106.93807439249235,沧州
20,201902,72.71526152517855,沧州
21,201903,53.037879384069775,沧州
22,201904,88.78949768408228,沧州
23,202001,96.4056239906234,沧州
24,202002,64.81095072983221,沧州
25,202003,53.34294906758091,沧州
26,202004,78.74414465679077,沧州
27,202101,96.45080746952702,沧州
28,202102,65.19563464235624,沧州
0,201402,129.88015284835942,衡水
1,201403,117.2865174439795,衡水
2,201404,168.5120862794036,衡水
3,201501,170.85320777062012,衡水
4,201502,107.04407971890812,衡水
5,201503,103.71474317054724,衡水
6,201504,174.46230290790143,衡水
7,201601,146.3613393083517,衡水
8,201602,98.63609623569052,衡水
9,201603,96.77432809320959,衡水
10,201604,161.08385401728347,衡水
11,201701,156.75441396982745,衡水
12,201702,105.62820454169456,衡水
13,201703,83.66171342704187,衡水
14,201704,109.53796546747104,衡水
15,201801,118.6449283546986,衡水
16,201802,82.12759706128745,衡水
17,201803,61.648670067149936,衡水
18,201804,108.93147815915636,衡水
19,201901,125.20386329231005,衡水
20,201902,75.1218967994064,衡水
21,201903,57.24609890741488,衡水
22,201904,95.87503804340281,衡水
23,202001,102.95284932081888,衡水
24,202002,65.76967819853515,衡水
25,202003,58.22949508432917,衡水
26,202004,90.56332846935932,衡水
27,202101,98.68557918141545,衡水
28,202102,73.71223183211261,衡水
0,201402,134.41658314511577,邢台
1,201403,113.03552930858649,邢台
2,201404,182.18450866690287,邢台
3,201501,180.9155918869453,邢台
4,201502,104.70648838925553,邢台
5,201503,102.785164906191,邢台
6,201504,162.0768364390641,邢台
7,201601,135.71109978979229,邢台
8,201602,89.06164978490757,邢台
9,201603,85.08476344444087,邢台
10,201604,170.2164455258397,邢台
11,201701,161.71469283513218,邢台
12,201702,102.53921125117705,邢台
13,201703,89.6039634585801,邢台
14,201704,120.71968478446388,邢台
15,201801,149.075728918262,邢台
16,201802,96.05646998791151,邢台
17,201803,64.53577782750831,邢台
18,201804,124.72603495999174,邢台
19,201901,148.4340501665624,邢台
20,201902,86.26696494199926,邢台
21,201903,64.69019323378572,邢台
22,201904,105.86793495703216,邢台
23,202001,117.60879763213495,邢台
24,202002,68.39572554672485,邢台
25,202003,57.174249902260726,邢台
26,202004,97.64963136507664,邢台
27,202101,111.3699404761905,邢台
28,202102,72.8649596124877,邢台
0,201402,85.05493686868688,太原
1,201403,75.14938405122486,太原
2,201404,130.00098297607323,太原
3,201501,105.47673922235107,太原
4,201502,85.38263764949895,太原
5,201503,68.88490810483499,太原
6,201504,110.23834247745265,太原
7,201601,86.41533473243825,太原
8,201602,85.02326649394631,太原
9,201603,71.46315780539133,太原
10,201604,156.55370317234,太原
11,201701,125.6309709567004,太原
12,201702,89.6920860118028,太原
13,201703,88.00402494692467,太原
14,201704,116.7859759604325,太原
15,201801,117.53323854670431,太原
16,201802,107.27755165811476,太原
17,201803,70.75448884377128,太原
18,201804,110.6437006242765,太原
19,201901,122.88325134231516,太原
20,201902,87.42750801637881,太原
21,201903,60.86925474706146,太原
22,201904,94.10503421709318,太原
23,202001,111.67867353310974,太原
24,202002,80.52817256246429,太原
25,202003,59.678389912759144,太原
26,202004,98.0309649006821,太原
27,202101,120.7306994256328,太原
28,202102,79.91804923588806,太原
0,201402,87.51292658730158,呼和浩特
1,201403,69.43074703045218,呼和浩特
2,201404,93.08419903691258,呼和浩特
3,201501,89.87762841211823,呼和浩特
4,201502,68.19684311058968,呼和浩特
5,201503,61.439906658214035,呼和浩特
6,201504,101.38660233000161,呼和浩特
7,201601,81.68431613860714,呼和浩特
8,201602,71.86277723299185,呼和浩特
9,201603,50.499577307659365,呼和浩特
10,201604,85.16060486313836,呼和浩特
11,201701,79.98128961766542,呼和浩特
12,201702,75.49349591941272,呼和浩特
13,201703,62.59120945198551,呼和浩特
14,201704,85.83115385471626,呼和浩特
15,201801,89.07661106167573,呼和浩特
16,201802,84.36378489563208,呼和浩特
17,201803,46.300522031490715,呼和浩特
18,201804,77.15761639988499,呼和浩特
19,201901,73.83794017362565,呼和浩特
20,201902,61.81682746167983,呼和浩特
21,201903,42.965281441114655,呼和浩特
22,201904,85.69814686194142,呼和浩特
23,202001,115.27703079228165,呼和浩特
24,202002,61.93304114071996,呼和浩特
25,202003,40.77693216210231,呼和浩特
26,202004,61.077994157721825,呼和浩特
27,202101,98.5666273488185,呼和浩特
28,202102,65.04164783647602,呼和浩特
0,201402,114.76771974402409,包头
1,201403,74.96793875287119,包头
2,201404,109.03231732336955,包头
3,201501,101.50079551441758,包头
4,201502,74.38582098520601,包头
5,201503,65.07186002089101,包头
6,201504,106.91255210533556,包头
7,201601,87.52322372538073,包头
8,201602,82.95409622425568,包头
9,201603,60.79518325682421,包头
10,201604,97.99191085118214,包头
11,201701,87.79636004853455,包头
12,201702,83.90915746283495,包头
13,201703,64.01352144297447,包头
14,201704,85.20065135762894,包头
15,201801,92.02673349611,包头
16,201802,87.23893788958975,包头
17,201803,53.30436424903558,包头
18,201804,78.74894861352611,包头
19,201901,81.63568919003703,包头
20,201902,67.02710576832023,包头
21,201903,45.238686875521786,包头
22,201904,88.30551767015464,包头
23,202001,121.64425271632649,包头
24,202002,62.136684457950246,包头
25,202003,44.72741016187814,包头
26,202004,65.85373036504991,包头
27,202101,103.5326150960618,包头
28,202102,72.67421757311305,包头
0,201402,72.03868901227597,鄂尔多斯
1,201403,49.27398780691685,鄂尔多斯
2,201404,59.0129665220008,鄂尔多斯
3,201501,71.68546333906083,鄂尔多斯
4,201502,58.68031065165652,鄂尔多斯
5,201503,49.69686526711899,鄂尔多斯
6,201504,61.722987242950154,鄂尔多斯
7,201601,57.56333007738556,鄂尔多斯
8,201602,58.20663630123144,鄂尔多斯
9,201603,45.99161686581042,鄂尔多斯
10,201604,57.61373875011379,鄂尔多斯
11,201701,56.518131282248866,鄂尔多斯
12,201702,66.5826689248808,鄂尔多斯
13,201703,58.803189467191345,鄂尔多斯
14,201704,56.83649142530629,鄂尔多斯
15,201801,74.34507182372715,鄂尔多斯
16,201802,87.3736407014107,鄂尔多斯
17,201803,48.133838920712385,鄂尔多斯
18,201804,58.4003788079875,鄂尔多斯
19,201901,61.296099962255276,鄂尔多斯
20,201902,61.201069087124864,鄂尔多斯
21,201903,44.54149261014325,鄂尔多斯
22,201904,59.15743666340185,鄂尔多斯
23,202001,65.36473207870522,鄂尔多斯
24,202002,60.5144516611382,鄂尔多斯
25,202003,44.61535517635448,鄂尔多斯
26,202004,59.37732130798401,鄂尔多斯
27,202101,100.58261746143057,鄂尔多斯
28,202102,70.66681211365643,鄂尔多斯
0,201402,86.785121447118,大同
1,201403,62.31765866269725,大同
2,201404,72.08392522778085,大同
3,201501,85.94927921352712,大同
4,201502,74.56596518064157,大同
5,201503,57.13368221885091,大同
6,201504,74.36451576729387,大同
7,201601,66.58383515964404,大同
8,201602,65.76671839275501,大同
9,201603,52.105084839709654,大同
10,201604,82.03371750510438,大同
11,201701,75.76318195378101,大同
12,201702,71.07490376914929,大同
13,201703,56.18415115501956,大同
14,201704,65.97222454121122,大同
15,201801,78.11446645628799,大同
16,201802,83.95040860586094,大同
17,201803,50.07101404319038,大同
18,201804,74.68335328701737,大同
19,201901,70.43245879198719,大同
20,201902,65.6586075575767,大同
21,201903,47.648058403673474,大同
22,201904,75.40307894188274,大同
23,202001,75.19135032727525,大同
24,202002,64.96957690509585,大同
25,202003,43.89694879145034,大同
26,202004,70.96762139865224,大同
27,202101,98.02914676974108,大同
28,202102,61.65713209703392,大同
0,201402,84.23708821488285,长治
1,201403,69.7176625386669,长治
2,201404,121.69715550839287,长治
3,201501,99.76931842552284,长治
4,201502,80.82648028544308,长治
5,201503,76.87854343792391,长治
6,201504,115.40377388092304,长治
7,201601,133.80548850696837,长治
8,201602,80.4177439107245,长治
9,201603,61.075540755151565,长治
10,201604,117.75150847345344,长治
11,201701,120.1796668122848,长治
12,201702,80.18519793342416,长治
13,201703,74.86517324899745,长治
14,201704,93.07023661108514,长治
15,201801,112.0298287325683,长治
16,201802,84.75867380010497,长治
17,201803,57.655696242161824,长治
18,201804,82.19324396457756,长治
19,201901,109.87642870803812,长治
20,201902,70.95527645979314,长治
21,201903,57.04773506741517,长治
22,201904,72.08113716909116,长治
23,202001,93.33987325098065,长治
24,202002,66.50359981299673,长治
25,202003,54.237146634897975,长治
26,202004,73.91541999785922,长治
27,202101,98.09157107794032,长治
28,202102,73.19416588748636,长治
0,201402,99.49253772193991,临汾
1,201403,65.67804514455987,临汾
2,201404,89.20040975199629,临汾
3,201501,111.30721743161259,临汾
4,201502,63.4964808265587,临汾
5,201503,55.109487230145156,临汾
6,201504,115.98192970957643,临汾
7,201601,110.96756173477291,临汾
8,201602,81.67266734499205,临汾
9,201603,60.4133909510312,临汾
10,201604,168.1455491809609,临汾
11,201701,161.7496022695513,临汾
12,201702,91.54031488457792,临汾
13,201703,83.41920712894881,临汾
14,201704,112.53894918260279,临汾
15,201801,146.35708396846348,临汾
16,201802,96.96572234064324,临汾
17,201803,71.04683369107791,临汾
18,201804,106.54629284713944,临汾
19,201901,143.49842121121046,临汾
20,201902,79.69271069379782,临汾
21,201903,63.52470125612067,临汾
22,201904,93.95476544427143,临汾
23,202001,120.48982412309357,临汾
24,202002,65.708838501896,临汾
25,202003,56.58261091699954,临汾
26,202004,82.02701012776983,临汾
27,202101,123.68013271110222,临汾
28,202102,77.92156446418367,临汾
0,201402,100.306286124567,阳泉
1,201403,85.20403447126161,阳泉
2,201404,120.7958833953727,阳泉
3,201501,102.19807098315692,阳泉
4,201502,83.41648901454099,阳泉
5,201503,65.7984268240515,阳泉
6,201504,101.2862127943932,阳泉
7,201601,109.85615488931977,阳泉
8,201602,87.67129388211332,阳泉
9,201603,80.24090684132759,阳泉
10,201604,116.57499356397987,阳泉
11,201701,122.88998221782008,阳泉
12,201702,93.44132437793851,阳泉
13,201703,85.78990811968838,阳泉
14,201704,91.04793174009512,阳泉
15,201801,119.8538148896772,阳泉
16,201802,92.74387665691313,阳泉
17,201803,62.356761768216884,阳泉
18,201804,97.15281202454241,阳泉
19,201901,114.10242274477899,阳泉
20,201902,72.35562558538382,阳泉
21,201903,58.61080543494149,阳泉
22,201904,80.30491420220052,阳泉
23,202001,94.09731132781141,阳泉
24,202002,68.0318834086541,阳泉
25,202003,54.239754394166795,阳泉
26,202004,87.41966048989191,阳泉
27,202101,116.9774175753198,阳泉
28,202102,71.9178750454522,阳泉
0,201402,67.58861495388669,赤峰
1,201403,67.50806093147033,赤峰
2,201404,90.97995409816812,赤峰
3,201501,90.82028291750065,赤峰
4,201502,60.10492884287507,赤峰
5,201503,48.193404841821575,赤峰
6,201504,87.47114673001049,赤峰
7,201601,69.02652095262242,赤峰
8,201602,65.2840680665132,赤峰
9,201603,47.752898825111316,赤峰
10,201604,81.12165967859531,赤峰
11,201701,75.10881537231414,赤峰
12,201702,70.40831184138976,赤峰
13,201703,50.95817428160813,赤峰
14,201704,57.18232893281982,赤峰
15,201801,67.4280501880509,赤峰
16,201802,68.57309175902955,赤峰
17,201803,44.16169191070862,赤峰
18,201804,66.38724927741362,赤峰
19,201901,56.55474045200553,赤峰
20,201902,56.32369502096509,赤峰
21,201903,42.72871275743618,赤峰
22,201904,55.84265533311725,赤峰
23,202001,53.58965000515076,赤峰
24,202002,50.39122383252819,赤峰
25,202003,37.32331585831991,赤峰
26,202004,63.57278616380415,赤峰
27,202101,64.00237872615152,赤峰
28,202102,50.33271323567607,赤峰
0,201402,-1.0,晋城
1,201403,-1.0,晋城
2,201404,-1.0,晋城
3,201501,95.23979646697391,晋城
4,201502,78.91675302940502,晋城
5,201503,71.43162964496095,晋城
6,201504,109.15419273232149,晋城
7,201601,130.17594044468714,晋城
8,201602,82.88717501982414,晋城
9,201603,47.53067270569024,晋城
10,201604,110.52490145963726,晋城
11,201701,123.92998669006313,晋城
12,201702,92.416771445286,晋城
13,201703,91.32099550627716,晋城
14,201704,94.9100392743976,晋城
15,201801,130.8025116778829,晋城
16,201802,102.12518094560076,晋城
17,201803,68.5541514562983,晋城
18,201804,92.94163851316723,晋城
19,201901,127.94700663213986,晋城
20,201902,86.71030535080105,晋城
21,201903,69.78858425508821,晋城
22,201904,90.50148511827759,晋城
23,202001,103.4356478992844,晋城
24,202002,82.19557425588282,晋城
25,202003,61.292226897304026,晋城
26,202004,84.69274530012608,晋城
27,202101,104.43804445223623,晋城
28,202102,78.87556685366992,晋城
0,201402,-1.0,朔州
1,201403,-1.0,朔州
2,201404,-1.0,朔州
3,201501,109.84054840042042,朔州
4,201502,70.03827381033977,朔州
5,201503,68.93746544960945,朔州
6,201504,86.99471379326309,朔州
7,201601,101.5616072095917,朔州
8,201602,75.39805367173138,朔州
9,201603,67.55577802281869,朔州
10,201604,106.22347959442465,朔州
11,201701,111.95899684662876,朔州
12,201702,77.76251599474523,朔州
13,201703,68.33729817487415,朔州
14,201704,91.65520093575844,朔州
15,201801,104.33100970636036,朔州
16,201802,93.57590802333088,朔州
17,201803,56.29395572258691,朔州
18,201804,96.24656761476535,朔州
19,201901,106.49988755011549,朔州
20,201902,75.38214170940974,朔州
21,201903,55.9753803276431,朔州
22,201904,84.01333651680592,朔州
23,202001,94.74108407706665,朔州
24,202002,72.61419796374214,朔州
25,202003,50.979395226222,朔州
26,202004,93.65122655965921,朔州
27,202101,111.25728728377749,朔州
28,202102,73.83652083008677,朔州
0,201402,-1.0,晋中
1,201403,-1.0,晋中
2,201404,-1.0,晋中
3,201501,99.85079081150785,晋中
4,201502,86.41478930954109,晋中
5,201503,61.56317797868271,晋中
6,201504,98.83732900932851,晋中
7,201601,106.26743251052868,晋中
8,201602,79.23549887762536,晋中
9,201603,68.59691002468003,晋中
10,201604,118.12165076125046,晋中
11,201701,117.749966936099,晋中
12,201702,84.56200530681906,晋中
13,201703,78.17749731784329,晋中
14,201704,101.04403713721734,晋中
15,201801,109.1125338108595,晋中
16,201802,91.86046327834549,晋中
17,201803,60.98522295319318,晋中
18,201804,93.58111354906583,晋中
19,201901,107.98382644315323,晋中
20,201902,70.68924038024778,晋中
21,201903,56.1993429553224,晋中
22,201904,78.43401496111395,晋中
23,202001,91.82010066223965,晋中
24,202002,64.98268271778089,晋中
25,202003,51.14959781310061,晋中
26,202004,77.9197775440237,晋中
27,202101,99.40185542309491,晋中
28,202102,68.4190658926809,晋中
0,201402,-1.0,运城
1,201403,-1.0,运城
2,201404,-1.0,运城
3,201501,103.00200245880295,运城
4,201502,81.86549804220793,运城
5,201503,75.14699817102169,运城
6,201504,106.16130386130442,运城
7,201601,125.93237050829426,运城
8,201602,62.17766880771604,运城
9,201603,50.96502983342044,运城
10,201604,134.76143458604406,运城
11,201701,149.0987380143736,运城
12,201702,87.60617431985615,运城
13,201703,71.93742307421597,运城
14,201704,117.43602475196093,运城
15,201801,135.02050913867183,运城
16,201802,82.67978064219301,运城
17,201803,59.32436409197834,运城
18,201804,103.5318309585313,运城
19,201901,137.16859222863778,运城
20,201902,73.39717729366343,运城
21,201903,54.66796125481121,运城
22,201904,107.70737246323908,运城
23,202001,122.69910600255423,运城
24,202002,65.98634746246947,运城
25,202003,53.03018896489314,运城
26,202004,89.24698469028765,运城
27,202101,125.07419071922057,运城
28,202102,78.61777115474521,运城
0,201402,-1.0,忻州
1,201403,-1.0,忻州
2,201404,-1.0,忻州
3,201501,92.46957622710778,忻州
4,201502,65.69029209871975,忻州
5,201503,69.32006563822053,忻州
6,201504,119.8747461664587,忻州
7,201601,85.4245765069567,忻州
8,201602,68.64428833758407,忻州
9,201603,56.9497709513488,忻州
10,201604,124.94829808545252,忻州
11,201701,135.76365896823776,忻州
12,201702,76.98586699490124,忻州
13,201703,65.13238156122098,忻州
14,201704,93.5616758313112,忻州
15,201801,113.89277505064672,忻州
16,201802,81.06061317779411,忻州
17,201803,52.78326902372035,忻州
18,201804,85.84023319286294,忻州
19,201901,110.715208650824,忻州
20,201902,61.639092217488916,忻州
21,201903,47.59535791635648,忻州
22,201904,72.43985684732252,忻州
23,202001,106.39403892523785,忻州
24,202002,61.157385330632174,忻州
25,202003,46.87356541970479,忻州
26,202004,73.22805966002552,忻州
27,202101,129.76812109018456,忻州
28,202102,68.46560048828631,忻州
0,201402,-1.0,吕梁
1,201403,-1.0,吕梁
2,201404,-1.0,吕梁
3,201501,83.70799918810087,吕梁
4,201502,74.96515738568795,吕梁
5,201503,68.25992387993878,吕梁
6,201504,68.30791151769854,吕梁
7,201601,70.50733522534921,吕梁
8,201602,61.127078419743846,吕梁
9,201603,60.32099202937211,吕梁
10,201604,116.1565107020743,吕梁
11,201701,112.76316702408678,吕梁
12,201702,79.33821377731984,吕梁
13,201703,70.32837100046076,吕梁
14,201704,105.30890157839669,吕梁
15,201801,106.90029274917072,吕梁
16,201802,82.60168590499937,吕梁
17,201803,62.47403668918663,吕梁
18,201804,84.87792274388245,吕梁
19,201901,98.55903878243464,吕梁
20,201902,63.79945457603709,吕梁
21,201903,54.85056903720335,吕梁
22,201904,80.33321295228451,吕梁
23,202001,85.17021366505443,吕梁
24,202002,70.79167056256817,吕梁
25,202003,55.378483455404904,吕梁
26,202004,75.48209416118488,吕梁
27,202101,110.00671402969792,吕梁
28,202102,78.33603579034856,吕梁
0,201402,-1.0,乌海
1,201403,-1.0,乌海
2,201404,-1.0,乌海
3,201501,111.24616751482635,乌海
4,201502,93.93795594722323,乌海
5,201503,75.11022428068975,乌海
6,201504,108.99819337049904,乌海
7,201601,95.82624425812507,乌海
8,201602,86.4363732472537,乌海
9,201603,65.23507233312633,乌海
10,201604,95.31492316098304,乌海
11,201701,84.30589791371632,乌海
12,201702,94.04527112855426,乌海
13,201703,70.22049834764304,乌海
14,201704,82.22548875012059,乌海
15,201801,90.43559309534938,乌海
16,201802,101.4274858634431,乌海
17,201803,64.44959209070835,乌海
18,201804,79.83352608834727,乌海
19,201901,79.22542843532501,乌海
20,201902,77.97764391623512,乌海
21,201903,57.69867019628774,乌海
22,201904,71.96120136488352,乌海
23,202001,85.99679603475937,乌海
24,202002,74.27980564183322,乌海
25,202003,59.35613890187523,乌海
26,202004,76.6024108940425,乌海
27,202101,119.27114055299542,乌海
28,202102,81.28764999220819,乌海
0,201402,-1.0,通辽
1,201403,-1.0,通辽
2,201404,-1.0,通辽
3,201501,89.52826210579718,通辽
4,201502,91.8251321678494,通辽
5,201503,71.39025919881855,通辽
6,201504,87.10023764141611,通辽
7,201601,64.7799202182877,通辽
8,201602,77.56317575777354,通辽
9,201603,56.8347244906151,通辽
10,201604,79.65838396274378,通辽
11,201701,70.95875044205815,通辽
12,201702,75.10579292330074,通辽
13,201703,47.00244850944944,通辽
14,201704,55.64285686457847,通辽
15,201801,58.35690840735546,通辽
16,201802,64.24730913792975,通辽
17,201803,49.97825248998443,通辽
18,201804,60.04340310940942,通辽
19,201901,69.21034965210104,通辽
20,201902,69.8659991241367,通辽
21,201903,45.29731919106882,通辽
22,201904,61.799428897587156,通辽
23,202001,64.76384331362951,通辽
24,202002,62.96889317438053,通辽
25,202003,43.39263770303115,通辽
26,202004,54.03951502716112,通辽
27,202101,71.47756781651417,通辽
28,202102,56.49747155991898,通辽
0,201402,-1.0,呼伦贝尔
1,201403,-1.0,呼伦贝尔
2,201404,-1.0,呼伦贝尔
3,201501,76.3556245802864,呼伦贝尔
4,201502,61.59049103746946,呼伦贝尔
5,201503,53.38141126500102,呼伦贝尔
6,201504,56.46280421180104,呼伦贝尔
7,201601,67.22049008365885,呼伦贝尔
8,201602,55.056116938075114,呼伦贝尔
9,201603,45.678098739801065,呼伦贝尔
10,201604,42.20762775107128,呼伦贝尔
11,201701,49.372318617432015,呼伦贝尔
12,201702,50.100665604406004,呼伦贝尔
13,201703,39.874591860747756,呼伦贝尔
14,201704,35.42466736421854,呼伦贝尔
15,201801,38.526579460676274,呼伦贝尔
16,201802,38.91037612320704,呼伦贝尔
17,201803,27.298699105913425,呼伦贝尔
18,201804,31.392495622467926,呼伦贝尔
19,201901,32.956214494170325,呼伦贝尔
20,201902,44.653396777854226,呼伦贝尔
21,201903,26.94186787799645,呼伦贝尔
22,201904,26.71138350732542,呼伦贝尔
23,202001,36.35050737526378,呼伦贝尔
24,202002,33.410243623707856,呼伦贝尔
25,202003,28.092858334085175,呼伦贝尔
26,202004,26.652911576415555,呼伦贝尔
27,202101,34.824506194483405,呼伦贝尔
28,202102,31.677177749916172,呼伦贝尔
0,201402,-1.0,巴彦淖尔
1,201403,-1.0,巴彦淖尔
2,201404,-1.0,巴彦淖尔
3,201501,88.30231622897647,巴彦淖尔
4,201502,74.14871326957342,巴彦淖尔
5,201503,66.08597341934791,巴彦淖尔
6,201504,89.13347274388464,巴彦淖尔
7,201601,84.86768865078703,巴彦淖尔
8,201602,74.85432963780315,巴彦淖尔
9,201603,61.3156959106293,巴彦淖尔
10,201604,89.7247523876885,巴彦淖尔
11,201701,73.28477255017064,巴彦淖尔
12,201702,81.15128963566384,巴彦淖尔
13,201703,63.64424650116562,巴彦淖尔
14,201704,69.40434949575904,巴彦淖尔
15,201801,77.02696868251742,巴彦淖尔
16,201802,88.92205553329326,巴彦淖尔
17,201803,55.81706703066288,巴彦淖尔
18,201804,69.51514623920829,巴彦淖尔
19,201901,72.0374250038959,巴彦淖尔
20,201902,70.3710385936401,巴彦淖尔
21,201903,45.21339523267522,巴彦淖尔
22,201904,76.51127054659754,巴彦淖尔
23,202001,103.88153762230351,巴彦淖尔
24,202002,60.41323048153343,巴彦淖尔
25,202003,42.580304577479225,巴彦淖尔
26,202004,64.01264778846593,巴彦淖尔
27,202101,108.30010685901291,巴彦淖尔
28,202102,76.4068106851592,巴彦淖尔
0,201402,-1.0,乌兰察布
1,201403,-1.0,乌兰察布
2,201404,-1.0,乌兰察布
3,201501,82.67796771899856,乌兰察布
4,201502,66.8990187861126,乌兰察布
5,201503,58.41383706323777,乌兰察布
6,201504,89.51172792369385,乌兰察布
7,201601,64.67585198725175,乌兰察布
8,201602,62.07441075507284,乌兰察布
9,201603,46.403594578243954,乌兰察布
10,201604,63.34956718159653,乌兰察布
11,201701,57.58336558886,乌兰察布
12,201702,59.28725776312198,乌兰察布
13,201703,48.363140277077854,乌兰察布
14,201704,48.946986798459456,乌兰察布
15,201801,58.017148923618066,乌兰察布
16,201802,66.84794871509459,乌兰察布
17,201803,44.708746846445884,乌兰察布
18,201804,49.06093851430151,乌兰察布
19,201901,53.71587569746757,乌兰察布
20,201902,49.06366376454404,乌兰察布
21,201903,37.184166668930175,乌兰察布
22,201904,44.93043327626446,乌兰察布
23,202001,47.39393189282686,乌兰察布
24,202002,44.65703937457795,乌兰察布
25,202003,36.722595545275844,乌兰察布
26,202004,43.505919054972345,乌兰察布
27,202101,76.0414884291725,乌兰察布
28,202102,52.84740255523915,乌兰察布
0,201402,-1.0,兴安盟
1,201403,-1.0,兴安盟
2,201404,-1.0,兴安盟
3,201501,69.92313199533572,兴安盟
4,201502,59.312202629244354,兴安盟
5,201503,51.34280121589158,兴安盟
6,201504,66.63524887680087,兴安盟
7,201601,50.24298120978611,兴安盟
8,201602,57.900790969687506,兴安盟
9,201603,54.25142199107839,兴安盟
10,201604,50.232611193424574,兴安盟
11,201701,40.65856195219162,兴安盟
12,201702,53.21771889729961,兴安盟
13,201703,34.62377620417882,兴安盟
14,201704,41.03724648812307,兴安盟
15,201801,39.55783326654645,兴安盟
16,201802,42.869028510578296,兴安盟
17,201803,32.47186079023566,兴安盟
18,201804,44.936023224449634,兴安盟
19,201901,57.20239290571513,兴安盟
20,201902,43.14773824960065,兴安盟
21,201903,27.96830589629826,兴安盟
22,201904,41.68313415059742,兴安盟
23,202001,55.122719742750775,兴安盟
24,202002,39.83985235713847,兴安盟
25,202003,30.993605356112727,兴安盟
26,202004,34.2511606244776,兴安盟
27,202101,50.74380175983438,兴安盟
28,202102,35.43757856734715,兴安盟
0,201402,-1.0,锡林郭勒盟
1,201403,-1.0,锡林郭勒盟
2,201404,-1.0,锡林郭勒盟
3,201501,55.74530598005703,锡林郭勒盟
4,201502,49.51688548312931,锡林郭勒盟
5,201503,43.2664112563908,锡林郭勒盟
6,201504,39.36556721641889,锡林郭勒盟
7,201601,42.93707398500163,锡林郭勒盟
8,201602,54.60518932670303,锡林郭勒盟
9,201603,34.42229898821764,锡林郭勒盟
10,201604,37.62699260188703,锡林郭勒盟
11,201701,36.51103471370586,锡林郭勒盟
12,201702,56.95314048104967,锡林郭勒盟
13,201703,37.17944558519471,锡林郭勒盟
14,201704,41.57924523401382,锡林郭勒盟
15,201801,56.694494289066725,锡林郭勒盟
16,201802,80.9426607805549,锡林郭勒盟
17,201803,36.51650503730668,锡林郭勒盟
18,201804,39.207483243861226,锡林郭勒盟
19,201901,34.557675786111965,锡林郭勒盟
20,201902,46.975487427697686,锡林郭勒盟
21,201903,28.022504707037264,锡林郭勒盟
22,201904,30.87962398150448,锡林郭勒盟
23,202001,27.3153466440452,锡林郭勒盟
24,202002,40.666280972417006,锡林郭勒盟
25,202003,26.269082125603862,锡林郭勒盟
26,202004,29.148834712246355,锡林郭勒盟
27,202101,42.99918283465794,锡林郭勒盟
28,202102,42.925432445067784,锡林郭勒盟
0,201402,-1.0,阿拉善盟
1,201403,-1.0,阿拉善盟
2,201404,-1.0,阿拉善盟
3,201501,78.27252979099754,阿拉善盟
4,201502,77.79020231787587,阿拉善盟
5,201503,66.97522283937379,阿拉善盟
6,201504,58.68589192580889,阿拉善盟
7,201601,68.88984069793061,阿拉善盟
8,201602,64.67592685128172,阿拉善盟
9,201603,52.03985059730152,阿拉善盟
10,201604,63.05704624076429,阿拉善盟
11,201701,66.88470479048704,阿拉善盟
12,201702,78.26981488892325,阿拉善盟
13,201703,55.65090103544406,阿拉善盟
14,201704,56.32291559993172,阿拉善盟
15,201801,77.67225049206219,阿拉善盟
16,201802,88.42052899237665,阿拉善盟
17,201803,56.74014048949826,阿拉善盟
18,201804,62.416898571079855,阿拉善盟
19,201901,63.475587180662565,阿拉善盟
20,201902,63.69531415985244,阿拉善盟
21,201903,42.73109198191513,阿拉善盟
22,201904,44.56136331281474,阿拉善盟
23,202001,59.182693541586474,阿拉善盟
24,202002,56.14467430263363,阿拉善盟
25,202003,41.54271920939172,阿拉善盟
26,202004,53.36349066085509,阿拉善盟
27,202101,98.66940075469178,阿拉善盟
28,202102,64.84333930704898,阿拉善盟
